weight,feature
-1.11158,sigmoid( Pstop )
3.16287,U h i
4.30413,U h i r
2.18688,U i r
8.34287,U D ^
0.530722,U ^
0.132663,U k
5.12289,U I t
3.05598,U t
2.13631,U k I t i
0.883781,U t i
0.150535,U m
2.41827,U c
3.03959,U c r
1.33803,U m c r g i
4.46345,U s
0.922051,U @ m
2.50585,U m i
4.34562,U w ^ n
2.47286,U w ^ n t
1.21314,U W
5.39703,U W t
2.96782,U o
7.29658,U o k e
1.42979,U k e
2.71478,U e
6.0783,U I z
5.60131,U z
3.47829,U w ^ t
3.50484,U g ^ n x
0.969816,U d
5.61234,U d u
2.41601,U o n
6.29519,U n o
4.90383,U i t
5.3756,U I G
1.15219,U d c g
1.82859,U f u d
3.54733,U w ^ z
4.86712,U D @ t
4.11128,U @ t
3.64953,U r ^ n
7.77284,U y u
2.67476,U ^ s
3.16843,U J ^ s t
4.32451,U s t
3.73907,U f c r
3.89597,U m Y
2.7566,U Y
1.30989,U n u
0.900406,U m Y n u t
4.29507,U y R
4.4233,U ^ o
3.04119,U d I d
5.14493,U d W n
0.846005,U a
6.33688,U a n
2.43274,U w a n x
4.47872,U s o
3.48041,U D E n
4.57449,U k ^ m
0.450342,U ^ m
4.4171,U g E t
0.311362,U m a m
3.07655,U m a m i
1.52364,U m a n
6.61497,U g o
0.781256,U s E d
0.831357,U S u
0.000228749,U p
2.58764,U p U t
6.54787,U ^ p
5.00276,U y u r
3.68896,U g U d
3.98546,U g R l
1.21625,U l
1.11007,U l E t
3.11553,U l E t s
2.47152,U w c k
3.81605,U D e
4.5011,U D e r
2.84024,U t e b
2.41311,U b I g
4.71306,U a r
5.30886,U l I t
5.03445,U x l
1.55256,U e k
0.388265,U b u
1.30471,U b u m
2.62004,U W ^ t
0.125316,U C x
0.929336,U h R
2.03674,U h R t
6.07262,U l U k
1.67858,U k @ t
1.11837,U @ n
4.90721,U @ n d
6.34711,U s e
2.48159,U t W l
3.17712,U t c k
2.6387,U x b
3.84395,U x b W t
5.68127,U c l
1.04253,U E v
0.822137,U v
0.63697,U h E v i
2.62051,U r i
5.21948,U n W
4.19495,U w i
3.26516,U w i r
2.50788,U h @ v
6.65538,U t u
4.14923,U t e k
4.48644,U D I s
1.39477,U I s
2.31603,U s t ^ f
2.32407,U ^ f
2.00519,U s t e r z
4.69246,U s i
4.09056,U h Y
5.11905,U y U r
2.34828,U b e b i
2.73194,U b i
4.17549,U I n
0.223421,U m I r R
2.43018,U w e
2.10416,U w e r
1.5491,U w e r z
4.16293,U x g E n
0.935311,U b E t R
1.64887,U t R
2.96257,U w o
4.74389,U k @ n
2.09374,U k @ n t
4.36934,U Y m
1.06593,U s a r i
4.01893,U p l e
1.90785,U l e
5.01307,U w I D
2.76043,U r u m
0.720673,U b a t
3.8971,U l ^ v
5.99022,U ^ v
2.71989,U w c t R
1.91094,U g a t
3.98823,U r I G
0.73695,U d r I G k
2.03952,U l a t
2.83096,U t x d e
1.67855,U d e
4.65525,U s ^ m
1.54325,U J u s
4.0053,U t O
2.43473,U t O z
1.19594,U p r I t i
2.12176,U r @ k u n
0.000276202,U t e s t i
4.3518,U ^ D R
1.43179,U h @ z
2.35898,U @ z
4.7428,U l Y k
3.91265,U I n J
0.691214,U s R k
3.7391,U h ^
1.72549,U d @ d @
5.04533,U n a t
2.59975,U w E n
0.949742,U w E n t
1.99281,U w R k
2.32848,U b @ k
3.19209,U w I l
1.51751,U f o r
1.99029,U r x
0.261554,U k ^ l R
1.76413,U r E d
1.22767,U y E l o
2.57411,U m I s
1.1633,U b l u
6.87578,U I t s
0.131122,U u p
3.26365,U d o n t
1.44028,U b x
1.96514,U b x k c z
1.15546,U m o s t
2.31751,U v E r i
1.48937,U w E l
1.04888,U S i
5.62193,U c f
4.19033,U D E m
1.56578,U w Y
3.7619,U o p x n
2.10021,U x n
2.63861,U m W T
3.89161,U T I G
1.10474,U f Y v
1.75951,U T r i
1.1606,U g r i n
0.767239,U i n
0.309756,U b ^ m p
0.766435,U h E d
2.59039,U t I d
1.91381,U s Y d
2.19481,U w o n t
1.76668,U t E n
4.46782,U E n i
0.481661,U n i
4.69451,U Y l
0.451509,U h o l
0.785139,U h o l d
1.58744,U s W n d
3.01071,U r e n
0.617669,U d i
0.875443,U d i r
1.43376,U p U l
3.6935,U h I m
2.16647,U D o
3.37795,U D o z
4.09485,U a r m
2.96117,U b U k
3.29933,U t Y
0.716887,U t Y r d
1.58136,U r E d i
0.467614,U h @ d
3.18518,U @ p
4.38261,U m o r
4.32958,U t Y m
0.238624,U @ f
4.6381,U t R n
2.04277,U S o
0.17507,U p I G k
1.15096,U r @ b
0.948803,U b I t
1.11888,U w e v
0.754405,U C u
2.42021,U t o
4.29274,U o v R
3.73288,U g I n
0.76109,U n u d
1.73756,U n e m
3.21249,U h i z
1.06828,U f r ^ m
2.76534,U m u v
0.218918,U b ^ t
3.13368,U x n t
1.5131,U w a C
2.40828,U h u
1.71608,U h u z
1.43901,U y E s
1.84649,U b a k s
0.49346,U g r @ m a
2.09532,U s I l i
1.14654,U l i
2.42053,U d o r
4.11686,U I f
2.33325,U w c S
0.94724,U d c g i
2.4495,U w i l
1.73003,U f o n
0.92158,U h E l o
1.7715,U f ^ n
2.41712,U f ^ n i
1.04989,U f I n I S
0.220409,U S U d
0.705205,U h @ G
1.92105,U k a r
0.372549,U n ^ m b R
0.0266726,U w U d
2.36043,U i v
2.59976,U b c l
0.41682,U f l o r
0.971739,U d @ d i
2.19863,U f i l
0.748414,U y ^ m
0.706087,U y ^ m i
3.46953,U E n d
1.5994,U T @ G k
0.708618,U d r Y
5.42199,U r Y t
4.55254,U n i d
0.658131,U b E d
1.09152,U p e p R
0.154991,U d r ^ m
1.05826,U g r o
1.43337,U r I k
2.12529,U l W d
4.48362,U x l i
0.844101,U b Y
3.68537,U h W
1.63619,U l I d
1.73872,U D @ n
2.26004,U s t I l
3.44599,U r o l
4.44842,U t r Y
1.05208,U w W
1.65613,U k e r
2.2882,U d ^ z
2.36094,U n Y n
2.73258,U h e
1.59936,U m ^ s t
0.284523,U d a
0.208279,U s n @ p
0.828627,U w u p s
2.91834,U u p s
2.6708,U @ G g
0.282534,U g x
1.06868,U x r W n d
0.833518,U r W n d
2.05307,U ^ n d R
3.15678,U k W
0.438621,U k W C
1.20892,U W C
0.806416,U n ^ T
2.36186,U r c G
2.38846,U h e r
0.339412,U s l i p
1.19165,U p I k
1.69454,U k ^ p
6.84609,U E l m o
2.4097,U l E m i
0.291364,U g e t
0.391617,U b l E s
0.316419,U b @ s k
0.0256017,U @ s k
1.42296,U w I n d
2.07162e-05,U b W n
0.969753,U b W n s
0.67161,U s w i t
0.505915,U s w i t i
2.71713,U a r n t
0.0697295,U y a
1.13223,U k o l d
3.56162,U n Y s
1.12755,U p i
0.0812246,U S S S
2.92874,U m e k
2.1559,U T r o
1.59457,U l ^ n C
2.09763,U b Y t
1.02485,U t E l
1.04125,U n E v R
1.66936,U d Y p R
0.389112,U C e n J d
0.944432,U m e b i
0.394551,U w E t
0.28885,U J ^ m p
0.6258,U f l Y
1.22754,U r E s t
1.96885,U p @ n t s
5.77912,U x w e
2.20423,U b Y b Y
1.0785,U b Y k
2.63185,U k e m
1.14715,U w Y p
2.20437,U f c l
0.64044,U b @ d
1.22067,U k r Y
1.10036,U m ^ C
1.32423,U C i z
0.397606,U k I k
0.98472,U E g
0.570992,U s E k
2.37764,U x n d
0.40769,U l c G
2.08495,U l E f t
0.974552,U k r x
2.86101,U x m
1.24447,U b I b
0.90632,U f ^ z i
0.698713,U w I C
0.489599,U l c n d
1.70402,U p ^ p i
1.09467,U t E d i
1.16652,U b ^ n i
1.42688,U C e r
1.24857,U w Y l
1.90016,U f i d
0.745768,U k @ r
3.06524,U l i v
1.69539,U p u
2.75458,U s p u n
1.00807,U v E J t
1.13709,U p x t e
2.21156,U t o z
2.31473,U T I G k
0.320042,U m E l
1.73021,U s E l f
2.76667,U f R s t
1.42271,U h ^ G g
1.19394,U m E s
2.21612,U g c n
1.55224,U k U k i
0.306751,U f ^ s
1.22174,U n @ n x
0.999465,U b o T
0.259621,U h @ n d
0.417337,U k w Y
3.25027,U h x m
0.630636,U h @ n d z
1.04414,U k l i n
0.378701,U h a r d
1.94872,U S R t
3.28994,U f i t
2.26037,U h W s
1.5139,U y e
3.73277,U Y s i
0.228075,U k r @ C
1.53304,U C E k
1.33103,U f Y n d
2.28949,U g I v
0.698507,U f W n d
2.02294,U l Y t
1.73437,U E l x
3.48938,U D i z
0.279569,U k a r d
0.42106,U k r i m
1.12893,U k l @ p
1.7124,U p Y
4.49566,U b O
3.65242,U m @ n
1.10841,U k @ C
1.70901,U k Y n d
1.18439,U h I t
0.291786,U g r @ b
2.56549,U r i C
0.832795,U h ^ g
3.00226,U h I z
1.39679,U S i p
1.70991,U T r u
2.40027,U n O z
0.61327,U k l W n
1.15218,U k e k
1.06044,U k x b u
2.82584,U ^ h ^
0.925692,U k l Y m
0.25611,U S ^ t
3.80374,U t I k
2.51132,U s a k
1.86613,U k i p
0.272284,U f @ s t
1.13521,U t e l
1.15318,U f U t
1.8075,U k I s
0.681729,U k l o s
2.2308,U f e s
0.0238155,U b l a k
0.0247477,U f l W R
2.52254,U W R
2.45596,U S e k
0.762565,U k r c l
0.505766,U p I l o
0.00809772,U s E t
2.20171,U h E l p
1.09824,U b @ T
1.07865,U p U S
1.09239,U p o k
0.478103,U J E n t
2.04618,U d @ n s
1.67527,U s ^ n
3.3123,U d ^ n
0.686737,U w c k R
0.843907,U b @ g
1.07859,U b o l
1.11259,U s I r i
2.22387,U n Y t
0.546757,U s k w a S
1.49054,U s c s
0.391423,U k x m p
0.0595724,U b ^ t R
1.17506,U d a l i
1.05385,U x g E D R
1.17065,U S u z
0.374523,U k o t
0.943239,U n E k s t
0.740445,U g o l d
0.118975,U f I S
0.16139,U k r ^ n C
0.52018,U E k s k
1.02345,U S U r
1.74451,U w e t
2.45016,U l @ f
1.34826,U h o m
2.20187,U p i p
0.366681,U h @ t
0.867143,U w i n
0.975684,U r Y d
1.13578,U x p o z d
0.698344,U p a p
0.654512,U n ^ n
2.85759,U b i n
0.0260472,U k U d
1.32855,U p i C
0.547767,U t i n
0.190837,U d I f r
0.947585,U w I S
0.27732,U b r E d
1.29712,U m I l k
1.20575,U m a m x
0.922035,U l Y n
0.810903,U h a r t
0.629056,U h o p
0.568757,U p r E s
0.509622,U b ^ d i
6.2385,U E l s
0.47461,U w U p
0.396345,U y E p
2.6876,U g e m
0.936368,U t I m
1.05724,U k W n t
0.845255,U f I G g R
0.293317,U h Y n d
1.80392,U s E z
0.351325,U p r a b l
1.97653,U f E l
0.136817,U m E m b R
0.0650393,U k I C
1.78088,U k l o D z
0.375484,U s k w R r
2.04989,U b e r
0.250971,U d R t i
2.02082,U p l i z
0.864932,U s c G
1.06281,U s p Y d R
1.044,U g a d
0.769894,U t ^ C
2.29949e-05,U k l I k
0.766662,U p u p i
1.04726,U g l @ s
0.686245,U f e v
0.985909,U b ^ s
1.30064,U b r W n
1.5669e-06,U b R d
1.65211,U p e J
0.548108,U h c r
0.108203,U f r c g
0.256834,U m ^ D R
2.2371,U f x l
0.541937,U t W n
1.03058,U t E r
1.33166,U g E s
0.0790815,U h @ p i
0.0933497,U f r E n d
0.833561,U t ^ G
0.16056,U f Y t
2.93476,U m i n
1.21105,U t i T
0.90496,U J a b
1.53675,U t I g R
0.402755,U w I n i
0.204034,U k u l
0.135531,U f a r m R
0.423815,U k w @ k
1.1746,U m W s
0.0531358,U b l I G k
0.68077,U f I n t
0.569964,U f I k s
0.805461,U r u s
2.32574,U r i l
2.6535,U T c t
0.386655,U ^ G k
0.574555,U s l i p i
0.125394,U b ^ b
0.646416,U b l o
3.53389,U m u m u
2.12343,U m e d
0.477757,U m @ t R
0.678942,U p I g i
1.64897,U I k i
0.345808,U k l ^ k
0.543011,U p I n C
0.778603,U g r e t
2.14517,U d I l
0.23944,U w R l d
1.29218,U g I m i
0.15755,U f U l
1.20019,U b R p
2.63697,U t i D
0.200503,U m I k i
0.221086,U k r I s
1.49594,U f @ t
0.15519,U b a G k
2.02662,U s t a p
0.305266,U d ^ m p
4.86319e-05,U b r e k
0.091686,U b E l i
1.65419,U l @ s t
1.89215,U r @ t
1.25894,U l e d i
0.493732,U x p a r t
2.00813,U b r U k l
1.46211,U e n t
1.13783,U m @ d
0.087204,U b a b x
0.671234,U y a r d
0.433419,U v @ k
0.0361651,U k o r
1.36775,U t i v i
1.10818,U l c r d
2.84064,U C @ n s
0.766583,U v I d i
0.516475,U p @ t i
0.1906,U y ^ k i
0.0819283,U b r o k
0.832532,U @ l I g z
1.594,U @ n d R
0.536406,U b u b u n
1.39695,U b o n i n
0.605778,U E n J i
0.595238,U C Y m z
1.42821,U p E g
0.099988,U t E l x
1.27253,U m e l
0.0585283,U m a r k
0.152483,U J e l
0.535919,U p @ m p R
0.747675,U J i z x
0.998116,U @ l I n
1.02913,U J e k
3.56186,U S I @ r I @ U
0.268756,U t Y r i
0.580469,U t I m i
0.430621,U d Y n I s
1.21656,U t @ b
4.9515,U I T x
0.0345088,U m ^ G k i
1.92444,U C w R m
1.99628,U h E n r i
0.210984,U k r ^ b i
0.163489,U s u t
0.561317,U m @ g i
0.505081,U k c f i
0.88565,U v ^ z
0.724668,U d y x
0.870872,U d Y i S x
6.30125,L 1
2.27029,V 0
1.40338,N 0
1.31589,C 1
0.00426082,CP C
0.586738,P h
0.00840015,CS C
-1.46161,S h
-1.46094,SC _ h
-1.9727e-05,CSC _C
2.74076,L 2
2.6693,V 1
1.06429,CP CV
-0.560007,P h i
-0.201911,CS V
1.20578,S i
-0.211652,S i h
1.28825,SC _ i
-0.201502,CSC _V
-0.211652,SC _ i h
-0.00560536,CSC _VC
2.78361,C 0
-0.764672,CP V
-0.317764,P i
0.9601,L 3
0.280929,C 2
0.229107,P h i r
0.383375,CS CV
0.229695,S r
0.551345,S r i
1.00109,S r i h
0.201293,SC _ r
0.462257,SC _ r i
0.387025,CSC _CV
0.861473,SC _ r i h
0.576211,CSC _CVC
-0.323648,P r
0.768671,L 4
-0.93582,C 3
-0.642665,CS CC
0.125997,CS CCV
-0.910203,S D
-0.904025,SC _ D
-0.647445,CSC _CC
0.132945,CSC _CCV
0.354975,CSC _CCVC
-1.55562,CP CC
-0.36383,P D
0.457636,L 5
-0.175675,V 2
-0.743408,S ^
1.00386,S ^ D
-0.740224,SC _ ^
1.09755,SC _ ^ D
-1.03215,CSC _VCC
0.629318,CSC _VCCV
0.308391,CP CCV
-1.1059,P D ^
0.133297,P ^
-1.79897,L 6
-2.50726,C 4
0.602213,S k
0.396507,S k ^
0.608898,SC _ k
0.381966,SC _ k ^
-0.938146,CSC _CVCC
-0.866151,CSC _CVCCV
0.538636,P k
-1.93843,L 7
-2.18906,V 3
-1.27027,S I
-1.27337,SC _ I
1.21375,CSC _VCV
0.744636,CSC _VCVC
0.649171,P k I
1.04419,P I
-3.63326,L 8
-2.68038,C 5
0.7036,S t
-8.56965e-05,S t I
0.482901,SC _ t
-8.56965e-05,SC _ t I
-1.81319,CSC _CVCV
0.684281,P I t
-0.00208385,P t
-2.95884,L 9
-1.73521,V 4
0.474697,S i t
0.387173,S i t I k
0.455847,SC _ i t
0.285184,SC _ i t I k
1.48869,P k I t i
0.0494399,P t i
-3.57764,L 10
0.155391,N 1
-0.00106899,CS N
1.08693,CS NV
-0.00107821,S m
-0.0344294,S m i
-0.00107821,SC _ m
-0.00106899,CSC _N
-0.0413918,SC _ m i
1.09432,CSC _NV
-0.16545,CSC _NVC
-0.555799,CSC _NVCVC
-0.000136067,CP N
0.892416,P m
-0.868081,S c
-0.86919,SC _ c
0.806619,CSC _VNV
0.982382,CSC _VNVC
1.5199,CP NV
-0.0966436,P c
0.0950619,S r c
0.0972731,SC _ r c
-0.0928018,CSC _CVN
0.368261,CSC _CVNVC
1.43801,P c r
-0.339841,S g
-0.343291,SC _ g
0.0106801,CSC _CCVN
0.382684,P m c r g
0.122263,P g
0.593071,S i g
0.29609,S i g r
0.578507,S i g r c
1.21698,S i g r c m
0.555145,SC _ i g
0.29609,SC _ i g r
0.578507,SC _ i g r c
1.21698,SC _ i g r c m
1.24348,P m c r g i
-2.18868,P g i
0.168234,P s
0.231459,S s
0.289575,SC _ s
-1.04947,S @
-1.04943,SC _ @
0.569559,P @
0.319169,S i m
0.234045,SC _ i m
-1.18705,P m i
-1.43495,S w
-1.43944,SC _ w
0.971034,P w
0.225101,CSC _VCVN
0.288908,P w ^
-1.77123,N 2
0.0453151,S n
0.0640798,S n ^
0.256542,S n ^ w
0.127769,SC _ n
0.25259,SC _ n ^
0.280457,SC _ n ^ w
0.255937,P ^ n
-1.70564e-05,P n
0.00393577,CS CN
7.72629e-05,CS CNV
1.2135,S t n
0.701513,S t n ^ w
1.09198,SC _ t n
0.00393589,CSC _CN
7.72629e-05,CSC _CNV
0.718337,SC _ t n ^ w
0.85865,P w ^ n t
-3.51872,CP NC
0.40662,S s t
0.314616,SC _ s t
0.664794,CSC _CCNVC
-0.114271,S W
-0.115881,SC _ W
0.151204,P W
-0.237627,S t W
-0.359959,SC _ t W
0.276153,P W t
-6.3715e-05,P o
0.33529,S o
0.314373,SC _ o
0.11435,P o k
2.31384,P o k e
0.481994,S e
0.411678,S e k
0.10947,S e k o
0.514539,SC _ e
0.402041,SC _ e k
-0.154948,P k e
0.000724966,P e
0.465371,S z
-0.356595,S z I
0.504594,SC _ z
-0.439267,SC _ z I
-0.357966,CSC _CVV
-1.78607,P z
0.959983,S t ^
1.03772,SC _ t ^
-1.47926,P ^ t
-0.304332,CS NC
-0.301222,CSC _NC
-1.77873,CP CN
-1.16583,C 6
0.529171,P g ^
0.500359,S x
0.426152,S x n
1.42044,S x n ^ g
0.479396,SC _ x
0.381322,SC _ x n
1.45971,SC _ x n ^ g
1.5251,P g ^ n x
-1.83568,P n x
1.00682,P x
0.499761,S d
-0.603521,S d x
0.556012,SC _ d
-0.599904,SC _ d x
-0.00081286,P d
0.517399,S u
0.650065,SC _ u
-0.249938,P d u
-1.83423,P u
-0.601333,P n o
1.45855,CSC _VNVN
0.00592297,P i t
-0.144917,S G
0.164358,S G I
-0.168423,SC _ G
4.5979e-07,SC _ G I
-0.000161794,P I G
-3.59999,P G
1.14388,CSC _VCNV
0.872726,S g c
0.0590075,S g c d
0.608319,SC _ g c
0.155721,SC _ g c d
-1.43459,CSC _CVCN
2.58741,P d c g
-0.0796562,S f
-0.0796562,SC _ f
0.674245,P f
-0.326531,S u f
-0.31865,SC _ u f
0.247982,S d u f
0.403933,SC _ d u f
0.00106211,S z ^
0.128738,S z ^ w
0.00106211,SC _ z ^
1.22724e-05,CSC _CCVCC
0.518844,P D @
0.131623,S t @
0.695075,S t @ D
0.19472,SC _ t @
0.806496,SC _ t @ D
0.402686,P D @ t
1.24609,CSC _CCVCV
4.28827,P g r
-1.08207,CSC _NVCC
-1.32156,S y
-1.31676,SC _ y
0.000276714,P y
-0.00166053,S u y
0.000716722,SC _ u y
-0.636706,P y u
-0.128774,S J
-0.131002,SC _ J
9.57241e-06,P J ^
4.52582e-06,P J ^ s
1.04207,S t s
4.34402e-05,S t s ^
0.898221,S t s ^ J
0.924785,SC _ t s
4.34402e-05,SC _ t s ^
0.877812,SC _ t s ^ J
1.73904,P J ^ s t
2.26083,P s t
-0.369115,CS CCCV
-0.374478,CSC _CCCV
-0.121304,CSC _CCCVC
-0.243879,CSC _VCCC
-0.2769,CP CCCV
0.864045,S r c f
0.871232,SC _ r c f
0.228995,S e r
0.228995,SC _ e r
0.410751,S Y
0.407978,SC _ Y
-0.720451,P m Y
-0.0401164,P Y
2.00152,P m Y n
-0.104659,P Y n
0.0645392,P n u
-0.036662,S t u
1.57072,S t u n Y
0.777319,S t u n Y m
-0.00779222,SC _ t u
2.424,SC _ t u n Y
0.80094,SC _ t u n Y m
0.664789,P m Y n u t
0.608549,S i k
0.919902,S i k o
0.603431,SC _ i k
0.900924,SC _ i k o
-0.613478,P k i
-0.136674,S d i
-0.122862,SC _ d i
-0.571217,P y R
1.29624,S R
1.26927,SC _ R
-2.33202,P R
1.0214,P ^ o
1.23082,S o ^
0.808412,SC _ o ^
0.996221,P d I
0.271849,S d I
0.574823,S d I d
0.293687,SC _ d I
0.353017,SC _ d I d
-0.0859078,S d t
-0.0859078,SC _ d t
0.615,S n W d
0.396206,SC _ n W d
-0.113156,P W n
-0.137176,S a
-0.144133,SC _ a
-0.389319,S n a
-0.43319,SC _ n a
1.17062e-05,P w a n
0.865008,S x n a
0.79595,S x n a w
0.88704,SC _ x n a
0.92234,SC _ x n a w
1.39554,P w a n x
-0.292481,S s x
-0.288134,SC _ s x
-0.562994,P s o
-1.41985,S E
-1.4272,SC _ E
0.659692,P D E
0.384076,P E
-0.155636,S n E
0.379104,S n E D
-0.118192,SC _ n E
0.421786,SC _ n E D
0.86224,P E n
0.105991,P k ^
0.53629,S m ^
0.448539,S m ^ k
0.502303,SC _ m ^
0.38464,SC _ m ^ k
0.247623,P g E
0.292706,S t E
0.553626,S t E g
0.269486,SC _ t E
0.449091,SC _ t E g
0.0015432,P g E t
-0.0970516,CSC _NCVC
0.389184,S a m
0.389184,SC _ a m
0.747421,CSC _VNCV
0.113336,CSC _VNCVC
1.79755e-06,P m a
-3.54737,N 3
2.77699,P m a m
0.000229925,S i m a
0.001407,S i m a m
0.000229925,SC _ i m a
0.694432,S n a m
0.762308,SC _ n a m
-0.425379,P g o
0.674354,P s E
0.314609,S d E
0.280126,S d E s
0.385987,SC _ d E
0.278505,SC _ d E s
-0.0319556,P E d
0.152229,S S
0.152229,SC _ S
0.189349,P S
0.331666,S u S
0.388698,SC _ u S
0.360709,P S u
0.516021,P p
0.400264,S p
0.396483,SC _ p
1.24809,P p U
-0.874412,S U
-0.870847,SC _ U
-2.3924,P U
0.725116,S t U
0.559771,SC _ t U
0.0180357,SC _ t U p
0.560603,P t ^
-0.26589,S p ^
-0.255837,SC _ p ^
1.01192,S r u y
0.968245,SC _ r u y
0.236559,P s ^
1.22134,S C ^
1.14741,SC _ C ^
1.08995,P s ^ C
-0.443184,P ^ C
0.0111304,P C
1.03594,S d U
1.00644,SC _ d U
0.106838,S R g
0.106838,SC _ R g
-1.1173,P g R
0.273964,S l
0.813241,S l R g
0.278617,SC _ l
1.07525,SC _ l R g
-0.131804,P l
0.480562,P l E
2.85473,P l E t
0.00196423,S t E l
0.00196423,SC _ t E l
0.0485157,S s t E
1.28804,S s t E l
0.000198866,SC _ s t E
1.27907,SC _ s t E l
0.394505,P w c
0.15932,S k c
0.0743551,SC _ k c
-0.000349516,P D e
0.557921,P D e r
0.709275,S r e
0.721057,S r e D
0.79895,SC _ r e
0.41165,SC _ r e D
-0.274869,S b
0.600662,S b e t
-0.267087,SC _ b
0.600662,SC _ b e t
1.09698,P b
0.8927,S g I
0.744748,S g I b
0.647069,SC _ g I
0.962429,SC _ g I b
1.8046,P a r
0.221563,P l I
0.0294329,P l I t
-0.703756,P t x
0.823161,P x l
0.66252,S f l
0.597856,SC _ f l
-0.0885371,S e f
-0.0903413,SC _ e f
-0.3913,P f e
0.224345,S k e
0.179725,SC _ k e
0.366702,S R k
0.366702,SC _ R k
-1.67865,P k R
0.415289,S u b
0.420784,SC _ u b
0.551978,P b u m
0.116371,S m u
1.04895,S m u b
0.116371,SC _ m u
0.831988,SC _ m u b
1.5541,P W ^
2.07623,P W ^ t
1.32278,S x C
1.48544,SC _ x C
-0.844609,CSC _NVV
0.870764,P W W
0.171581,S W W
1.38708,SC _ W W
-0.245753,P h R
0.222878,S t R h
0.243138,SC _ t R h
-8.00836e-05,S k U
-8.00836e-05,SC _ k U
0.306992,P k @
0.125841,S t @ k
0.125841,SC _ t @ k
0.932715,P @ n
1.07546,S d n
-0.0952401,S d n @
0.995889,SC _ d n
-0.127813,SC _ d n @
1.76135,P @ n d
0.000154749,S e s
0.000154749,SC _ e s
-1.17719,P s e
0.810419,P t W
-0.811902,P k I G
1.18641,P x b
1.97907,S t W b x
2.16871,SC _ t W b x
1.2033,P x b W t
-0.0571989,P b W t
0.16012,S l c
0.113727,SC _ l c
0.376395,P c l
1.39637,P h E
0.33262,S v
-0.19426,S v E
0.332582,SC _ v
-0.201822,SC _ v E
3.02392,P E v
-0.790814,P v
0.24,S i v E h
0.396821,SC _ i v E h
0.477739,P h E v i
-0.231395,P v i
4.15615,P b r
0.172258,S i r
-0.397148,S i r b
0.362973,SC _ i r
-0.397148,SC _ i r b
0.545827,S D i
0.545827,SC _ D i
-0.107265,P n W
0.000219209,S W n
0.0578082,SC _ W n
-0.293698,S i w
-0.293967,SC _ i w
-0.669289,P w i
0.145023,S r i w
0.0927703,SC _ r i w
0.387874,P w i r
1.12171,P h @
1.02496,S v @ h
1.03328,SC _ v @ h
-0.883866,P t u
0.00647365,S k e t
0.0910633,SC _ k e t
5.31236e-05,P t e k
0.674651,S s I
0.339779,S s I D
0.621747,SC _ s I
0.514571,SC _ s I D
0.517314,P D I s
0.976958,P s t ^
0.590862,S f ^
0.877189,S f ^ t
0.517031,S f ^ t s
0.86165,SC _ f ^
0.319643,SC _ f ^ t
0.551472,SC _ f ^ t s
0.12114,S s n
0.154795,SC _ s n
0.635575,P s t e r
0.539962,S z r
0.944546,S z r e
1.21183,S z r e t s
0.379996,SC _ z r
1.03819,SC _ z r e
1.03442,SC _ z r e t s
1.04489,P s t e r z
0.00169836,S i s
0.00503382,SC _ i s
-0.938993,P s i
2.31073e-07,P x g
3.78778,P x g E
8.01476e-05,S Y h
8.01476e-05,SC _ Y h
-0.182035,P h Y
2.14207,P s p
-0.284362,S d ^
-0.282111,SC _ d ^
0.000257367,P y U
0.544361,S r U
0.698838,S r U y
0.51792,SC _ r U
0.587775,SC _ r U y
-0.0104018,P y U r
-0.146871,S s Y
-0.150285,SC _ s Y
0.895428,S b ^
0.906827,SC _ b ^
-0.372459,S e b
-0.370614,SC _ e b
2.25479,P b e b
0.129272,S i b
0.151363,S i b e
0.390166,S i b e b
0.14043,SC _ i b
0.210817,SC _ i b e
0.31864,SC _ i b e b
-1.23834,P b i
0.106515,S n I
0.0955452,SC _ n I
0.307491,P I n
-0.0802316,S r I
-0.0758259,SC _ r I
1.93978,P m I r
0.694629,S R r I m
0.549659,SC _ R r I m
0.0250376,P m I r R
-1.12223,P r R
0.170681,S e w
0.00236007,SC _ e w
1.07541,P w e r
0.429492,S r e w
0.395836,SC _ r e w
0.400645,P w e r z
0.341387,S z r e w
0.408541,SC _ z r e w
1.02715,S n E g x
0.187133,SC _ n E g x
-0.117271,S z e
-0.121661,SC _ z e
0.237373,P f a
-0.630491,S l a
-0.61996,SC _ l a
0.874168,S o l
0.879208,S o l a
0.941584,SC _ o l
0.879208,SC _ o l a
-0.560127,P l o
-0.0161004,CS NN
-0.0146486,CSC _NN
-0.53883,CP NN
0.66469,P b E
0.424807,P b E t R
0.31824,S R t
0.526202,S R t E b
0.365162,SC _ R t
0.495632,SC _ R t E b
-0.0923841,P t R
-0.359677,P w o
5.45191e-05,S o w
5.45191e-05,SC _ o w
0.258514,S z i
0.0249612,SC _ z i
-0.46306,S k u
-0.466655,SC _ k u
0.630617,S n @ k
0.380399,SC _ n @ k
3.96949e-06,P k @ n
0.932968,S t n @ k
1.11789,SC _ t n @ k
0.177333,P k @ n t
0.869272,S i r a s
0.910699,SC _ i r a s
0.819652,P s a r i
3.4623,P p l
0.313178,S e l
0.895552,S e l p
0.340565,SC _ e l
1.03822,SC _ e l p
0.25776,P w I
4.53572e-05,S D I
1.17097,S D I w
4.53572e-05,SC _ D I
1.14917,SC _ D I w
1.06071,P r u m
0.762166,P b a
0.323705,S t a
0.331531,SC _ t a
-0.167335,S v ^
0.238246,S v ^ l
-0.287118,SC _ v ^
0.535997,SC _ v ^ l
-0.119187,S t c
-0.0148977,S t c w
-0.116651,SC _ t c
-0.0148977,SC _ t c w
1.08544,P w c t R
0.876557,P g a
0.788968,S t a g
0.746187,SC _ t a g
0.622243,P g a t
0.046879,P t x d
4.31566,P d r
0.375764,P r I
0.124263,S G I r
0.124263,SC _ G I r
1.50639,S k G
0.884436,S k G I r d
1.24584,SC _ k G
0.543074,SC _ k G I r d
0.513522,P d r I G k
3.88421,P k l
0.815683,S a l
1.27713e-05,SC _ a l
0.604335,P l a
3.9098,P f l
0.709498,S z d
0.689372,SC _ z d
0.442304,S e d
0.39912,S e d x
0.665628,SC _ e d
0.372227,SC _ e d x
2.38715,P t x d e
-0.468767,P d e
0.177022,S m ^ s
0.164603,SC _ m ^ s
1.33158,S s u J
1.33456,SC _ s u J
1.62484e-05,P s l
0.0626316,S O t
-0.0406794,SC _ O
6.56382e-06,SC _ O t
-1.72318,P O
0.170744,S z O
0.212207,S z O t
0.143385,SC _ z O
0.22356,SC _ z O t
1.06897,S m r
0.488853,S m r c
1.16516,SC _ m r
0.47965,SC _ m r c
4.18773,P p r
0.785449,S i t I r p
0.763727,SC _ i t I r p
0.647547,P p r I t i
0.636818,P r @
0.477055,S k @
-0.300625,S k @ r
0.422753,SC _ k @
-0.300625,SC _ k @ r
-0.214349,S u k
-0.213555,SC _ u k
0.568219,P r @ k u
-0.153761,P k u
0.243874,S n u
0.0621317,S n u k @
0.75867,S n u k @ r
0.224417,SC _ n u
0.0621317,SC _ n u k @
0.75867,SC _ n u k @ r
1.62291,P r @ k u n
0.0962191,P t e s
-2.24431e-05,S t s e
-2.24431e-05,SC _ t s e
4.9494,P t e s t
0.0017421,S i t s
0.000276513,S i t s e
0.000276068,S i t s e t
0.0017421,SC _ i t s
0.000276513,SC _ i t s e
0.000276068,SC _ i t s e t
0.000211418,P t e s t i
2.30875e-05,P ^ D
0.604682,S R D
0.232001,SC _ R D
2.06777,P ^ D R
-1.77778,P D R
0.000344052,S z @
0.429096,S z @ h
0.000344052,SC _ z @
0.43353,SC _ z @ h
-0.0184532,S t n u
-0.0184532,SC _ t n u
0.817504,P l Y
-0.0159642,S k Y
-0.0159642,SC _ k Y
0.409982,S l e
0.467859,SC _ l e
0.944169,P l c
0.918617,S J n
0.80762,SC _ J n
0.177029,P I n J
-0.433679,S R s
-0.437827,SC _ R s
0.804645,S k R s
0.570754,SC _ k R s
0.813021,P s R k
1.24033,S ^ h
1.3231,SC _ ^ h
0.367109,P h ^
0.406607,S @ d
0.421044,SC _ @ d
2.11952,P d @ d
0.353854,S d @
0.421991,SC _ d @
-0.371806,P @ d
0.861032,P d @ d @
0.650131,S @ d @
1.66247,S @ d @ d
0.331816,SC _ @ d @
1.66723,SC _ @ d @ d
-0.186576,S d e
-0.191644,SC _ d e
0.0194377,P n a
0.136101,S t a n
0.12376,SC _ t a n
0.815406,P w E
0.064549,S n E w
0.212522,SC _ n E w
0.276411,P w E n
0.25018,S t n E
0.300048,SC _ t n E
-0.0231944,S t t
-0.0207193,SC _ t t
-5.11563e-06,S R w
-5.11563e-06,SC _ R w
-0.230141,P w R
0.203191,S l i
0.2032,SC _ l i
0.607291,P b @
0.213945,S k @ b
0.243499,SC _ k @ b
-0.397415,P k l e
0.0156978,S l I
0.0156978,SC _ l I
-0.113563,S o f
-0.115582,SC _ o f
-0.198636,P f o
0.64324,S r o
0.789046,S r o f
0.658073,SC _ r o
0.741048,SC _ r o f
0.00261312,S x r
0.38873,SC _ x r
-0.31855,S k x
-0.31834,SC _ k x
0.00190444,S k a
0.586055,S k a l
0.0152981,SC _ k a
0.75281,SC _ k a l
0.688734,S R l ^ k
0.688734,SC _ R l ^ k
0.374413,P k ^ l R
-0.73661,P l R
-0.143996,S z R
-0.143996,SC _ z R
0.124284,P r E
2.16896,P r E d
2.1643,P y E
1.5253,P E l
0.15519,P y E l o
0.505618,S o l E
0.611223,SC _ o l E
-0.0870798,S s o
-0.0789911,SC _ s o
3.80053,P b l
0.864271,S u l b
1.24437,SC _ u l b
-0.00129977,P b l u
0.00281131,P I t s
3.49779,P t r
-0.0425426,S p u
-0.0471533,SC _ p u
3.68968,P u p
-0.0943255,P k a
2.66909,P k w
-0.165757,S z o
-0.00684707,SC _ z o
-0.0641035,S n e
-0.0667839,SC _ n e
0.647705,P d o n
0.159292,S t n o
0.382941,S t n o d
0.196215,SC _ t n o
0.60916,SC _ t n o d
1.26627,P d o n t
0.2625,S x b
0.223872,SC _ x b
1.01162,P b x k c
0.905119,P k c
1.1904,P b x k c z
-1.65714e-05,S z c
1.26592,S z c k x
1.30738,S z c k x b
-1.65714e-05,SC _ z c
0.926344,SC _ z c k x
1.87429,SC _ z c k x b
-0.16401,P k c z
0.809204,P n ^
-0.1619,S o m
3.31279e-06,S o m l
-0.1619,SC _ o m
3.31279e-06,SC _ o m l
1.03451,S t s o m
1.00869,SC _ t s o m
0.75932,P m o s t
1.13181,P v E
-0.131317,S r E
-0.129933,SC _ r E
0.425905,S i r E
0.0384186,S i r E v
0.240418,SC _ i r E
0.180358,SC _ i r E v
1.50425,P v E r i
-0.0815811,S d o
-0.0799434,SC _ d o
0.991926,S l E w
0.940486,SC _ l E w
-0.000327939,P n I
0.899594,P p I
-0.688999,S t x
-0.693522,SC _ t x
0.386074,P k c l
0.357063,P c f
0.747721,P f ^
-0.12175,S m E
0.763236,S m E D
-0.12175,SC _ m E
0.586438,SC _ m E D
0.650205,S Y w
0.657953,SC _ Y w
1.79712,P o p x
0.000343484,S n x
0.945058,S n x p o
0.000343484,SC _ n x
1.19418,SC _ n x p o
2.06716,P o p x n
-0.0898136,P p x n
1.10262,P x n
-0.0143225,S W m
-0.0187912,SC _ W m
0.0352605,S T
0.972824,S T W m
0.0352605,SC _ T
1.09624,SC _ T W m
0.000707826,P m W T
-0.404492,P T
0.592295,S G I T
0.553018,SC _ G I T
1.44003,P T I G
-0.692291,CSC _CNVN
0.790556,CSC _VCNVN
-0.00369244,P r a
-0.10386,S Y f
-0.102059,SC _ Y f
0.145453,P f Y
0.127833,S v Y
0.482727,S v Y f
0.127833,SC _ v Y
0.785816,SC _ v Y f
4.15272e-06,P f Y v
4.46722,P T r
0.972026,S i r T
0.860256,SC _ i r T
0.583596,S n i
0.80243,S n i r g
0.585511,SC _ n i
0.828155,SC _ n i r g
0.693806,P b ^
-0.387183,S m ^ b
-0.383823,SC _ m ^ b
0.953354,S p m
0.645639,S p m ^
0.0858991,S p m ^ b
0.996726,SC _ p m
0.427688,SC _ p m ^
1.48832e-05,SC _ p m ^ b
0.842657,P b ^ m p
0.345885,S d E h
0.264467,SC _ d E h
-0.57158,S t n I
-0.559844,SC _ t n I
1.14133,S s k
0.872446,SC _ s k
5.42574,P E k s
-9.88785e-05,P s Y
0.194148,S t Y
0.182061,SC _ t Y
-0.00508209,S s R
-0.00508209,SC _ s R
0.429561,P b a b
0.91953,S d Y s
1.289,SC _ d Y s
0.207906,S t n o w
0.245362,SC _ t n o w
0.249027,P w o n t
0.785071,P t E
0.32087,S i n
0.314342,SC _ i n
0.969847,P E n i
5.76676e-05,P Y l
-0.199945,S R T
-0.197175,SC _ R T
2.89948,P T R s
0.694505,P h o
0.176761,S l o h
0.230629,SC _ l o h
1.20577,P h o l
0.986953,S d l
1.12905,S d l o
0.000175045,S d l o h
1.04284,SC _ d l
1.15824,SC _ d l o
0.000175045,SC _ d l o h
0.491935,P h o l d
2.60818,P o l d
0.052664,S t r
0.052664,SC _ t r
0.281343,S d n W
0.0990142,SC _ d n W
0.965216,P s W n d
1.52943,P p I g
3.2486,P g l
0.0192717,P O G
1.04558,S G O
0.943843,SC _ G O
0.773854,P k O G
0.773627,P r e n
0.544859,S i d
0.714556,SC _ i d
-2.90384e-05,P d i
0.617286,S r i d
0.00245957,SC _ r i d
0.0154215,S l U
0.707175,S l U p
0.0385992,SC _ l U
0.587699,SC _ l U p
0.00049384,P h I
0.474311,S m I
0.463018,SC _ m I
0.0855058,SC _ m I h
0.152196,P k c r
0.649132,S n r
0.0570393,S n r c
0.649132,SC _ n r
0.0570393,SC _ n r c
2.51706,P k c r n
-1.57437,P n R
0.404019,P D o
0.563472,S z o D
0.739133,SC _ z o D
0.0217224,P a r m
-2.04631e-08,P b U
0.366007,S k U b
0.467752,SC _ k U b
-0.0585209,S r Y t
-0.0585209,SC _ r Y t
1.96617,P t Y r
1.47277,S d r
0.344695,S d r Y t
1.23193,SC _ d r
0.392797,SC _ d r Y t
0.571299,P t Y r d
0.924476,P r E d i
0.420884,S d @ h
0.395989,SC _ d @ h
0.0811412,S p @
1.52459,S p @ n
0.0249005,SC _ p @
1.49725,SC _ p @ n
0.0986965,S m Y t
0.220749,SC _ m Y t
0.948924,S f @
0.491329,SC _ f @
0.0373309,P @ f
1.00986,S t f
0.951891,SC _ t f
0.000476139,S n R
0.208186,S n R t
0.000476139,SC _ n R
0.000715208,SC _ n R t
0.146775,P t R n
0.452277,P m @
0.469819,P m @ k
0.384509,S p i
0.355964,SC _ p i
1.12852e-05,S k G I p
1.12852e-05,SC _ k G I p
0.375812,S t Y w
0.36501,SC _ t Y w
0.259355,S b @
0.789566,S b @ r
0.31073,SC _ b @
0.882346,SC _ b @ r
0.433336,S t I b
0.433336,SC _ t I b
0.0510403,S u m
0.0510403,SC _ u m
0.32449,P m u
0.551227,S R v
0.0389466,S R v E
0.518673,SC _ R v
0.0942165,SC _ R v E
-1.62852,P v R
0.455183,S v e
0.338975,S v e w
0.292069,SC _ v e
0.331177,SC _ v e w
1.17678,S u C
0.506225,SC _ u C
1.85166,P l @ m
0.0728427,S d r c
0.670913,SC _ d r c
0.0508941,S d z
0.0508941,SC _ d z
-0.50397,S v o
-0.501698,SC _ v o
0.777548,P o v
-0.280178,S R v o
-0.218228,SC _ R v o
2.11939,P o v R
0.289118,P g I
0.345688,S n I g
0.220893,SC _ n I g
0.939059,S d u n
0.957851,SC _ d u n
0.617051,P n u d
1.10464,S m e n
1.08127,SC _ m e n
-0.476047,S k i
-0.477064,SC _ k i
0.202049,P k o
0.530505,S z i h
0.533713,SC _ z i h
3.8211,P f r
0.508867,P f r ^
0.158288,S m ^ r
0.833239,S m ^ r f
0.0672339,SC _ m ^ r
0.671403,SC _ m ^ r f
0.341643,S v u m
0.209636,SC _ v u m
0.000723675,P m u v
0.000324932,S t ^ b
0.000324932,SC _ t ^ b
0.423202,P b ^ t
1.11186e-07,P x n t
0.992875,S C a w
1.13814,SC _ C a w
0.0446449,S z u
0.639318,S z u h
0.0446449,SC _ z u
0.48819,SC _ z u h
0.711856,S d l R
0.721837,SC _ d l R
0.440447,S s E
0.579827,S s E y
0.411638,SC _ s E
0.799959,SC _ s E y
2.39678,P n a k
0.232957,S s k a b
0.239047,SC _ s k a b
0.00185863,P b a k s
-0.0904334,S S Y
-0.0904334,SC _ S Y
1.28894,P g r @
0.32575,P g r @ m a
0.783087,S a m @ r g
0.783087,SC _ a m @ r g
0.597617,P s I l
0.246529,S i l
0.341142,S i l I
0.253163,SC _ i l
0.443394,SC _ i l I
1.23108,P s I l i
-0.11665,P l i
0.137844,S i z
0.205507,SC _ i z
0.574317,S r o d
0.262093,SC _ r o d
0.000193941,P d o r
-0.209676,S o l k
-0.245132,SC _ o l k
1.35607,P k l o
1.14426,S d z o
1.76707,SC _ d z o
0.267927,S S c w
0.370709,SC _ S c w
0.0688445,S i g c d
0.0688445,SC _ i g c d
0.690025,P d c g i
0.762413,S l i w
1.07521,SC _ l i w
1.21025,S n o f
1.04055,SC _ n o f
0.098859,P h E l
0.613951,S o l E h
0.730659,SC _ o l E h
0.597868,P h E l o
0.327541,S i n ^
0.458395,SC _ i n ^
0.826423,P f I
0.0628862,P f I n
0.281699,P f I n I
0.660621,S S I
0.567007,S S I n I
0.913023,S S I n I f
0.772678,SC _ S I
0.567007,SC _ S I n I
0.913023,SC _ S I n I f
1.04781,P f I n I S
-0.141957,P I S
-0.231017,S S i
-0.231017,SC _ S i
0.781461,P S U
0.518445,S G @ h
0.509078,SC _ G @ h
0.703306,S r a k
0.751177,SC _ r a k
0.411508,P k a r
-0.185644,S k n
-0.188777,SC _ k n
0.324675,P n ^ m b
0.350939,P n ^ m b R
-0.148797,S R b
1.78836,S R b m
0.0582605,S R b m ^
0.224448,S R b m ^ n
-0.148797,SC _ R b
1.78836,SC _ R b m
0.0582605,SC _ R b m ^
0.224448,SC _ R b m ^ n
-0.927189,P b R
0.401995,P w U
0.190318,S v i
0.270608,SC _ v i
-0.294421,S R f
-0.292224,SC _ R f
-0.478203,P f R
-0.310274,P d x
-0.096283,S m W
-0.0959814,SC _ m W
0.811486,S l c b
0.767272,SC _ l c b
0.426466,S r o l
0.422439,S r o l f
0.525446,SC _ r o l
0.349342,SC _ r o l f
0.230096,P f l o r
1.9208,P b r I
-0.971699,S s I r b
-0.971699,SC _ s I r b
0.786676,S k s
0.819998,SC _ k s
0.700943,P d @ d i
3.09928e-05,S i d @ d
0.0788363,SC _ i d @ d
-0.545431,S i f
-0.53916,SC _ i f
-0.262356,P f i
0.321275,S l i f
0.560294,SC _ l i f
-0.341252,S p Y
-0.335519,SC _ p Y
3.20223,CSC _VVV
1.45124,P y ^
0.23189,S m ^ y
0.184101,SC _ m ^ y
1.54737,P y ^ m
0.429594,S i m ^
0.276735,S i m ^ y
0.457169,SC _ i m ^
0.53083,SC _ i m ^ y
1.26782,P r ^ b
0.558281,P d ^
0.202161,S m i r
0.119668,SC _ m i r
0.893465,P m E
0.704959,P t ^ b
0.000114745,P T @ G
1.3464,P T @ G k
0.79371,S k G @ T
0.85626,SC _ k G @ T
0.508923,S Y r
0.154019,S Y r d
0.393167,SC _ Y r
0.922949,SC _ Y r d
0.453802,P d r Y
-0.205556,S t Y r
-0.255931,SC _ t Y r
0.338748,P r Y t
0.0380871,S d i n
0.256509,SC _ d i n
0.127541,S d E b
0.227658,SC _ d E b
0.265804,S R p
0.318911,S R p e p
0.298506,SC _ R p
0.303883,SC _ R p e p
1.23552,P p e p R
-1.23948,P p R
0.138172,S m ^ r d
0.138172,SC _ m ^ r d
1.22691,P d r ^ m
-2.49674,P m R
0.00177916,S o r
0.980173,S o r g
0.111536,SC _ o r
0.980173,SC _ o r g
0.445858,S k I
0.459621,SC _ k I
0.112374,S p a
1.56467,S p a t
0.0748231,SC _ p a
1.5729,SC _ p a t
-0.03553,P p c
0.285749,P p E
0.0170661,P x l i
0.608949,S Y b
0.64701,SC _ Y b
-0.116062,P b Y
0.275575,S p R
0.275575,SC _ p R
0.44379,S W h
0.428705,SC _ W h
-0.495113,S t n a
-0.489078,SC _ t n a
1.42499,P k w I
-0.0362928,P w I t
0.36902,S n @ D
0.368843,SC _ n @ D
0.493046,P n E
-0.318795,S d a b
-0.318795,SC _ d a b
1.54787,S l I t
0.188508,S l I t s
1.59343,SC _ l I t
0.830351,SC _ l I t s
0.0017118,P s t I l
-0.324603,S p x
-0.324603,SC _ p x
2.04581,P x p
0.981433,P r o l
1.49667e-05,P t r Y
0.684941,S Y r t
0.701594,SC _ Y r t
0.0666883,S s W
0.0666883,SC _ s W
0.642331,S W w
0.657923,SC _ W w
3.55605e-05,S r e k
0.00968412,SC _ r e k
0.866737,P k e r
0.815,S z ^ d
0.835236,SC _ z ^ d
0.000320531,P d ^ z
1.30847,P s t a
0.00187561,P n Y
-0.148296,S Y n
-0.146244,SC _ Y n
0.545368,S e h
0.528488,SC _ e h
-0.530088,P h e
0.458329,P m ^
0.433692,S t s ^ m
0.405128,SC _ t s ^ m
0.424704,P m ^ s t
1.76306,P s I k
1.05192,S s k I
0.880782,SC _ s k I
0.583681,P d a
5.35446,P s n @
7.4619,P s k w
-0.474773,S u w
-0.476746,SC _ u w
0.844545,P w u p s
1.34196,S s p u
0.757396,S s p u w
1.42669,SC _ s p u
0.807105,SC _ s p u w
1.15053,P u p s
1.01109,S g G
2.08257,SC _ g G
1.41222,P @ G g
0.374282,S x g
0.498693,SC _ x g
0.635816,S p @ r
0.762684,SC _ p @ r
1.59619,P t U k
-0.45767,S s i
-0.461607,SC _ s i
-0.050917,S t s i
-0.0539651,SC _ t s i
-0.289708,S r x
-0.289708,SC _ r x
3.09957,P x r
0.871665,S d n W r
0.697076,S d n W r x
1.01105,SC _ d n W r
0.775242,SC _ d n W r x
0.562878,P x r W n d
0.269209,P r W n d
-0.253737,S d n ^
-0.25109,SC _ d n ^
1.28378,P ^ n d
0.262259,S R d
1.05673,S R d n
0.291927,SC _ R d
0.680794,SC _ R d n
1.5507,P ^ n d R
-0.173731,P d R
0.558872,S C W
0.152838,S C W k
0.557244,SC _ C W
0.235013,SC _ C W k
0.20574,P k W C
0.64319,S T ^ n
0.64319,SC _ T ^ n
0.763769,P n ^ T
1.117,S G c
1.01524,SC _ G c
-0.688584,P c G
1.0498,S R g G
1.0498,SC _ R g G
0.262989,S r e h
0.254327,SC _ r e h
1.01333,P s l i
0.319087,S p i l s
0.319087,SC _ p i l s
4.84998,P s l i p
0.627155,P d r a
2.79341,P d r a p
0.547877,S p ^ k
0.54797,SC _ p ^ k
5.9586e-05,P E l m o
0.295168,S o m l E
0.295168,SC _ o m l E
3.912,P S S
0.857036,S S S
0.37383,SC _ S S
3.2996e-05,P l E m
0.861257,P l E m i
2.35625e-05,S i m E
0.772433,S i m E l
2.35625e-05,SC _ i m E
0.783081,SC _ i m E l
0.293815,P b a r
0.423555,S k I n
0.359234,SC _ k I n
-0.192657,S e g
-0.194973,SC _ e g
0.451212,P g e
0.425883,S t e g
0.00106673,SC _ t e g
1.02864,P p l @
0.967576,P p l @ n
0.176611,S s t n @
0.30566,SC _ s t n @
0.235143,P b l E
0.534269,P b l E s
0.485473,S s E l b
0.253499,SC _ s E l b
1.34217,S k s @
1.26941,SC _ k s @
0.29393,P b @ s k
0.640899,P @ s k
0.98331,P w I n
0.180368,S d n I w
0.178277,SC _ d n I w
0.225421,P w I n d
0.517329,P ^ h
0.804362,P J a
1.39188,P b W n
0.000129186,S s n W b
0.00613595,SC _ s n W b
2.52774,P b W n s
1.09327,P s w i
0.334507,S t i w s
0.342196,SC _ t i w s
5.90158,P s w i t
2.71319e-05,S i t i w
0.423538,S i t i w s
2.71319e-05,SC _ i t i w
0.244504,SC _ i t i w s
0.0150117,P s w i t i
0.217037,S x C a g
0.937574,SC _ x C a g
9.29838e-05,P a r n
0.871478,P a r n t
1.32391,S a y
1.31175,SC _ a y
0.693308,P y a
0.181597,P k o l
9.2789e-05,S d l o k
9.2789e-05,SC _ d l o k
0.806872,P k o l d
-1.14189e-05,S Y d
-1.14189e-05,SC _ Y d
0.0802393,P d Y
-0.734265,P v e
0.821054,S s Y n
0.993736,SC _ s Y n
0.286445,S i p
0.0385485,S i p @
0.305493,SC _ i p
0.0292855,SC _ i p @
2.43661,P S S S
0.39483,S S S S
1.36975,SC _ S S S
-0.647504,S e m
-0.651626,SC _ e m
0.263673,P m e
0.00171496,S k e m
0.00171496,SC _ k e m
1.44764,S o r T
1.70754,SC _ o r T
-0.0661446,S t o
-0.0625867,SC _ t o
0.153905,S k E r
0.304033,SC _ k E r
1.37778,S C n
0.411018,S C n ^
1.30197,SC _ C n
0.53677,SC _ C n ^
1.4528,P l ^ n C
4.39304,P k r
0.663845,P k r c
0.277615,S t Y b
0.248804,SC _ t Y b
0.0300808,S l E t
0.0300808,SC _ l E t
2.13664,P t E l
3.93832e-05,S R v E n
0.028744,SC _ R v E n
0.786164,P n E v R
0.977287,P d Y p
0.0255229,S R p Y
0.449456,S R p Y d
0.219533,SC _ R p Y
0.328792,SC _ R p Y d
1.11009,P d Y p R
1.73631,S J n e
1.21003,SC _ J n e
2.63542,P C e n J
0.886049,S d J
0.0811275,S d J n
0.458254,S d J n e C
1.64576,SC _ d J
0.14032,SC _ d J n
0.700095,SC _ d J n e C
0.184423,P C e n J d
0.650479,S i b e m
0.625801,SC _ i b e m
0.730407,P m e b i
0.227212,S t E w
0.0842193,SC _ t E w
2.21467,P J ^ m p
0.94556,S Y l f
1.92746,SC _ Y l f
0.648115,S t s E r
0.907604,SC _ t s E r
1.76681,P r E s t
0.296654,P p @
0.121945,P p @ n t
1.50835,S s t n @ p
1.60638,SC _ s t n @ p
1.67763,P p @ n t s
3.5262e-05,S e w x
3.5262e-05,SC _ e w x
1.62606,P x w e
1.11496,S Y b Y b
1.03701,SC _ Y b Y b
1.08946,P b Y b Y
0.266865,S k Y b
0.186541,SC _ k Y b
1.6833,P p r a
0.628617,S p Y w
0.417741,SC _ p Y w
1.02253,P w Y p
0.563387,S l c f
0.545571,SC _ l c f
0.390599,P d r E
0.915712,P d r E s
0.607711,S Y r k
0.62803,SC _ Y r k
-0.216791,S i C
-0.220151,SC _ i C
0.451926,P C i
0.259499,S z i C
0.25948,SC _ z i C
0.789979,S R i
0.789979,SC _ R i
1.04981,S g E
1.02347,SC _ g E
2.50178,P l E g
0.859055,S z g
0.697196,SC _ z g
0.483298,P l e d
0.49994,S k E s
0.474282,SC _ k E s
0.334656,S x l
0.334656,SC _ x l
-1.04316,P l x
1.11398,P E f
1.32954,P l E f t
0.239196,S t f E l
0.272733,SC _ t f E l
0.21623,S d R
0.219022,SC _ d R
1.01132,S x r k
1.01132,SC _ x r k
0.234267,S m x
0.311053,SC _ m x
0.12263,S b I
0.722156,S b I b
0.0910557,SC _ b I
0.974774,SC _ b I b
0.454027,P b I b
0.437412,S i z ^ f
0.00364101,SC _ i z ^ f
0.618787,P f ^ z i
-0.0160885,S n ^ m
-0.0128127,SC _ n ^ m
-0.233963,S n ^ b
-0.235156,SC _ n ^ b
0.264693,S C I
0.544479,S C I w
0.261043,SC _ C I
0.765442,SC _ C I w
0.249473,S d n c l
0.259116,SC _ d n c l
0.397022,P l c n d
-0.128504,P d r i
0.169352,S i p ^ p
0.169352,SC _ i p ^ p
1.06971,P p ^ p i
1.66133,P t E d i
0.701323,S i n ^ b
0.154413,SC _ i n ^ b
0.124439,P b ^ n i
0.499599,S g ^
0.621816,SC _ g ^
0.412696,S r e C
0.419779,SC _ r e C
1.09942,S s n @
1.09019,SC _ s n @
0.34814,P w Y l
0.337487,S d i f
0.0116663,SC _ d i f
0.518869,S r @ k
0.47796,SC _ r @ k
0.7091,P k @ r
0.877987,P l i v
0.000284716,S u p
0.000284716,SC _ u p
0.626125,P s p u
1.65121,S n u p s
1.05302,SC _ n u p s
1.20961,S t J E v
1.34661,SC _ t J E v
1.24164,P v E J t
0.647112,P C I
1.34723,P C I k
0.24267,P p x t
0.760608,S e t x p
0.760608,SC _ e t x p
1.32212,P p x t e
0.428075,S z o t
0.426959,SC _ z o t
0.104213,P t o z
0.77009,S k G I T
0.562392,SC _ k G I T
0.634866,S l E m
0.636631,SC _ l E m
0.00344957,P C R
0.0924404,S d Y l
0.0924404,SC _ d Y l
0.169722,S l k U
0.169722,SC _ l k U
0.025309,S f l E
1.81002,S f l E s
0.0832517,SC _ f l E
2.04719,SC _ f l E s
0.95261,P s E l f
0.331043,S S ^
0.571217,SC _ S ^
0.134035,P m ^ S
1.22224,P f R s t
0.262838,S C i
0.138466,SC _ C i
0.725393,S g G ^ h
0.583028,SC _ g G ^ h
0.803977,P h ^ G g
-0.00594164,S o l c
-0.00594164,SC _ o l c
0.637656,P m E s
0.654046,S n c g
0.728037,SC _ n c g
0.703675,P k U
1.17064,P k U k i
0.0248866,S s ^ f
0.0248866,SC _ s ^ f
1.61838,P f ^ s
1.05113,S x n @ n
1.39807,SC _ x n @ n
1.58195,P n @ n x
0.242999,S i z I
0.242999,SC _ i z I
1.86104,S k r a
0.839754,SC _ k r a
0.348533,P b o
0.385194,S T o b
1.284e-05,SC _ T o b
0.0186175,S d n @ h
0.0186175,SC _ d n @ h
3.30485,P h @ n d
0.545069,S Y w k
0.0246934,SC _ Y w k
1.48015,P k w Y
-0.222598,S x h
-0.225503,SC _ x h
9.17099e-06,P h x m
1.05096,S m x h
1.20213,SC _ m x h
0.640499,S z d n @ h
0.781636,SC _ z d n @ h
-6.15832e-07,S i l k
-6.15832e-07,SC _ i l k
0.403294,S n i l k
0.451155,SC _ n i l k
1.41381,P k l i n
0.983977,P h a
-0.0536044,S r a h
-0.0536044,SC _ r a h
0.550499,P h a r
0.33513,S d r a
0.404398,SC _ d r a
0.215708,P h a r d
-0.461116,S R S
-0.46043,SC _ R S
0.60477,S t R S
0.37891,SC _ t R S
0.329766,P S R t
0.411932,S t i f
0.169923,SC _ t i f
0.230311,S s W h
0.103356,SC _ s W h
8.3648e-06,P h W s
-0.319858,S e S
-0.324292,SC _ e S
0.572232,P S e
0.377612,P S e p
0.88325,S e y
0.428683,SC _ e y
1.55927,S t r a
1.44528,SC _ t r a
2.31693,P Y s i
0.347238,S C @
1.13283,S C @ r k
0.252261,SC _ C @
1.02506,SC _ C @ r k
-0.00243938,P C I G
0.493141,S k E C
0.326094,SC _ k E C
0.0885627,P C E k
0.330133,P p a
4.03131,P z I p
0.23297,S p I
0.472109,SC _ p I
1.30833,P f Y n
0.517772,S d n Y
1.31586e-05,S d n Y f
0.437252,SC _ d n Y
1.31586e-05,SC _ d n Y f
1.87866e-06,P f Y n d
1.00541,S v I g
1.16547,SC _ v I g
3.35122e-05,P g I v
-0.18754,S d U t
-0.18754,SC _ d U t
-0.134548,P t U d
0.949915,S d n W f
0.421759,SC _ d n W f
0.284207,P f W n d
0.108963,S p E t
0.108963,SC _ p E t
0.740608,S x l E
0.740608,SC _ x l E
1.00377,P E l x
-0.476803,S i D
-0.472757,SC _ i D
0.342256,S z i D
0.246267,SC _ z i D
0.256964,P D i z
0.476938,P k a r d
-0.135891,S i r k
-0.39051,SC _ i r k
-0.0805139,P k r i
1.20875,S m i r k
0.962294,SC _ m i r k
0.714969,S p @ l
0.852004,S p @ l k
0.44727,SC _ p @ l
0.762846,SC _ p @ l k
0.730825,P k l @ p
0.22032,S O b
0.215212,SC _ O b
-0.832172,P b O
-0.255954,S l @
-0.217823,SC _ l @
0.402889,P @ l
0.0317871,S n @ m
0.455391,S C @ k
0.49922,SC _ C @ k
5.71466e-05,S x m
5.71466e-05,SC _ x m
-0.935313,P m x
-0.310182,P k Y
6.99085e-08,S d n Y k
6.99085e-08,SC _ d n Y k
1.06351,P k Y n d
0.301007,S t I h
0.301007,SC _ t I h
-0.642231,P s x
0.172986,S b @ r g
0.172986,SC _ b @ r g
0.253669,S g @
0.489038,SC _ g @
-0.325081,S i r x
-0.325081,SC _ i r x
1.41753,P r i C
0.349658,S g ^ h
0.70188,SC _ g ^ h
0.722484,S z I h
0.760595,SC _ z I h
0.478378,P S i p
0.281562,S p i S
0.274802,SC _ p i S
1.28363,S u r T
1.06464,SC _ u r T
0.0548594,S z O n
0.0253797,SC _ z O n
0.958259,P n O z
0.726679,P l I s
1.23246,P h @ p
1.30165,S n W l k
0.768102,SC _ n W l k
0.220907,S k e k
0.461037,SC _ k e k
2.01061,S u b x k
1.23854,SC _ u b x k
1.0554,P k x b u
0.502884,P C I l
2.4571,P ^ h ^
1.19486,S ^ h ^
0.866571,SC _ ^ h ^
0.648874,SC _ R p I
1.8872,P f a r
0.877308,S m Y l k
0.767027,SC _ m Y l k
0.787967,P k l Y m
-0.232664,P m I G
0.324426,P S ^ t
0.00149893,S k I t
0.691164,S k a s
0.440644,SC _ k a s
0.48243,S p i k
0.443354,SC _ p i k
0.0763821,P f @
1.7873,P f @ s
0.244791,S t s @
6.60877e-05,S t s @ f
0.226016,SC _ t s @
6.60877e-05,SC _ t s @ f
0.396693,P f @ s t
0.332426,S S @
0.194379,S S @ r
0.32908,SC _ S @
0.0123715,SC _ S @ r
0.037367,P p r a b
0.869647,S x b a
0.640959,SC _ x b a
-0.308004,P b l i
0.67297,P f U
0.123077,S t U f
0.153611,SC _ t U f
-0.192941,S k W
-0.196819,SC _ k W
0.164148,S s I k
0.334046,SC _ s I k
0.435611,S s o l k
0.585213,SC _ s o l k
1.38274,P k l o s
0.622076,S s e f
1.09777,SC _ s e f
0.492068,S k s E d
0.492068,SC _ k s E d
0.8149,P g r e
0.615973,P b l a
0.00735996,S k a l b
0.00735996,SC _ k a l b
2.23688,P p R p
0.510095,S R W
0.0265807,S R W l f
0.325822,SC _ R W
0.0265807,SC _ R W l f
2.02942,P f l W R
0.588033,P W R
0.0492415,S k e S
0.0635571,SC _ k e S
-0.122843,P J i
0.761645,S l c r k
0.65605,SC _ l c r k
0.287162,S o l I p
0.287162,SC _ o l I p
0.48792,P p I l o
1.37524,P k l c
0.050652,S p l E
0.773215,S p l E h
0.0851326,SC _ p l E
0.805339,SC _ p l E h
1.21413,P h E l p
0.846072,S T @ b
0.619788,SC _ T @ b
0.653029,S S U p
0.435396,SC _ S U p
-0.0874478,P p o
-0.0144796,S o p
-0.0148982,SC _ o p
0.764736,P J E
0.397766,P J E n t
0.0566571,S t n E J
0.213933,SC _ t n E J
0.885183,P d @ n s
0.0561039,S T c
0.0561039,SC _ T c
0.448677,S n ^ s
0.448677,SC _ n ^ s
0.326097,S n ^ d
0.330928,SC _ n ^ d
0.451794,P w c k R
0.528804,S g @ b
0.580644,SC _ g @ b
0.573855,P m a r
0.712597,S l o b
0.0473246,SC _ l o b
0.53195,S i r I s
0.56511,SC _ i r I s
1.52351,P s I r i
0.516372,P p l ^
0.525174,S S a w k s
0.666558,SC _ S a w k
0.539855,SC _ S a w k s
0.760479,S s c s
1.06817,SC _ s c s
2.14703,P w c r m
0.789855,P k x m
0.794925,P k x m p
0.00143336,S R t ^ b
0.00143336,SC _ R t ^ b
0.00106915,P b ^ t R
-0.419927,P J I
8.76376e-05,S i l a
0.141099,S i l a d
0.119823,SC _ i l a
0.268142,SC _ i l a d
0.948558,P d a l i
0.33078,P x g E D
0.6783,S R D E g x
0.6783,SC _ R D E g x
0.352256,P x g E D R
0.480393,S z u S
0.539067,SC _ z u S
0.765511,S t o k
0.533304,SC _ t o k
0.00163127,P k o t
0.574503,P n E k
1.43633,S t s k E n
1.23424,SC _ t s k E n
1.15948,P n E k s t
-0.142555,P E k s t
0.489206,P g o l d
0.00979378,S S I f
0.00979378,SC _ S I f
1.44648,P f I S
0.160515,P k r ^ n C
0.174751,S C n ^ r k
0.174751,SC _ C n ^ r k
0.204612,P b o n
0.877555,P E k s k
0.324707,S k s k E
0.322101,SC _ k s k E
0.21341,S r U S
0.166472,SC _ r U S
0.327244,S t e w
0.381064,SC _ t e w
0.115053,S f @ l
0.0387142,SC _ f @ l
0.189169,S J I
0.189169,SC _ J I
-0.155692,S k @ f
-0.161087,SC _ k @ f
0.561025,S m o h
0.56235,SC _ m o h
0.30877,S p i p
0.338014,SC _ p i p
-0.137828,S Z
-0.13151,SC _ Z
-1.63074,P Z
0.0648576,S t @ h
0.0648576,SC _ t @ h
0.276377,S d Y r
0.344622,SC _ d Y r
1.18045,P r Y d
0.692938,P x p o z
0.353396,S d z o p x
0.353396,SC _ d z o p x
1.12802,P x p o z d
5.89451,P @ l I
-0.56222,P k E
0.553297,S p a p
0.206321,SC _ p a p
0.879734,P p a p
0.128747,S n ^ n
0.128747,SC _ n ^ n
0.669035,P p I n
0.738632,S C i p
0.844858,SC _ C i p
2.76429,S r f I
1.11109,SC _ r f I
0.307325,P d I f r
0.307056,S d E r b
0.277454,SC _ d E r b
1.20451,S k l I m
1.18233,SC _ k l I m
1.39793,P m I l k
1.47274,S x m a
4.78526e-05,S x m a m
1.38018,SC _ x m a
4.78526e-05,SC _ x m a m
9.18044e-06,S p I l
0.525773,SC _ p I l
0.634145,P l I p
0.0803958,S t r a h
0.359,SC _ t r a h
0.569023,P h a r t
0.000694551,S p o h
0.000694551,SC _ p o h
0.0954692,P p r E
0.470004,S s E r p
0.488637,SC _ s E r p
4.01285,P b x l u
0.235108,P b ^ d i
0.0231351,P E l s
2.04277,S S n E t
2.04277,SC _ S n E t
0.492806,S p U w
0.492806,SC _ p U w
0.704836,S i z e
0.712478,SC _ i z e
0.0154452,P f I g
0.276055,S p E y
0.286732,SC _ p E y
0.953406,P b E l
0.0950557,S m e g
0.0780946,SC _ m e g
0.832914,S i k G
0.832914,SC _ i k G
1.43183,P t I m
0.170469,S t n W k
0.0703179,SC _ t n W k
0.871379,P k W n t
-0.0150992,S g G I
-0.0150992,SC _ g G I
0.810306,S R g G I f
0.810306,SC _ R g G I f
0.842722,P f I G g R
-0.432989,S k I f
-0.410546,SC _ k I f
-0.348899,S z Y
-0.34671,SC _ z Y
-0.570623,P p r i
-0.0562823,S k I w
-0.0562823,SC _ k I w
-0.97999,P w I k
0.272161,S d n Y h
0.272161,SC _ d n Y h
0.246881,P h Y n d
0.370747,S z E s
0.38467,SC _ z E s
1.16342,S l b a
0.308711,S l b a r p
0.220072,SC _ l b a
0.308711,SC _ l b a r p
0.253883,P p r a b l
-0.184947,P f E
0.807675,S l E f
0.684155,SC _ l E f
0.101794,P m E m b
0.138705,S R b m E m
0.138705,SC _ R b m E m
0.133796,P m E m b R
0.252529,S C I k
0.253121,SC _ C I k
0.123845,P k I C
5.5322e-07,P k l o D
0.000103369,S z D o
0.273307,S z D o l
0.422672,S z D o l k
0.000103369,SC _ z D o
0.642865,SC _ z D o l
0.701064,SC _ z D o l k
0.226577,P k l o D z
0.80886,P s k w R
0.412708,S r R w k
0.351885,S r R w k s
0.417735,SC _ r R w k
0.347588,SC _ r R w k s
0.260463,S r e b
0.0417402,SC _ r e b
1.12168,P k c f
1.23815,P d R t
0.793084,S i t R
0.793084,SC _ i t R
0.0510095,P d R t i
0.152274,P n e l
0.912148,S z i l p
0.664471,SC _ z i l p
-0.316065,P w Y n
-0.052003,S p @ l p
-0.052003,SC _ p @ l p
-0.0416434,P p l @ p
0.316148,S R d Y
0.99365,S R d Y p s
0.316796,SC _ R d Y
0.99365,SC _ R d Y p s
1.06262,P s p Y d R
2.1059,P l a l
0.351898,S d a g
0.341129,SC _ d a g
0.890473,S i t u
0.890473,SC _ i t u
1.97128e-05,P t ^ C
0.0503193,S C ^ t
0.0114917,SC _ C ^ t
0.600864,S k I l k
0.521484,SC _ k I l k
1.76311,P p u p
0.0710902,P p u p i
1.63506,P g l @
0.283872,S s @ l
0.812392,S s @ l g
0.141336,SC _ s @ l
0.614746,SC _ s @ l g
0.26629,S a m a
0.000125043,S a m a m
0.26629,SC _ a m a
0.000125043,SC _ a m a m
0.351781,S v e f
0.370522,SC _ v e f
0.655603,P b l @
0.918347,P b l @ G k
0.883201,S s ^ b
0.729565,SC _ s ^ b
0.78546,S n W r b
0.824419,SC _ n W r b
0.88161,S d R b
1.13551,SC _ d R b
0.912747,P b R d
0.601664,S J e p
0.760048,SC _ J e p
1.18657,P p e J
0.10683,P d ^ k
0.288379,S r c h
0.372694,SC _ r c h
1.59707,P h c r
1.39282,P f r c
0.0416143,S g c r f
0.0416143,SC _ g c r f
0.592785,P f r c g
0.0560001,S R D ^ m
0.0560001,SC _ R D ^ m
0.432193,P m ^ D R
0.670987,S l x f
0.723928,SC _ l x f
-0.922152,P d r W
0.450932,S n W t
0.402661,SC _ n W t
0.541937,P t W n
0.375767,P t E r
0.732098,S @ w
0.732098,SC _ @ w
0.0149074,P g E s
0.54846,S s E g
0.51762,SC _ s E g
1.73447,P k ^ v R
0.0679544,P k r I
0.323298,S a l a
0.406679,S a l a l
1.91788,SC _ a l a
0.406679,SC _ a l a l
0.426596,P l a l a
0.63579,P S Y n
0.134185,S i k ^
0.134185,SC _ i k ^
-0.300786,S t R w
-0.288105,SC _ t R w
0.0814781,S d n E r f
0.0814781,SC _ d n E r f
1.82584,P f r E n d
0.727176,S n u s
0.727176,SC _ n u s
0.253446,P t ^ m
0.833268,S G ^ t
0.830953,SC _ G ^ t
0.190846,P t ^ G
0.843094,S S ^ r
0.411725,SC _ S ^ r
0.746059,S T i t
1.54182,SC _ T i t
0.00850259,P t i T
-0.0265363,S v x
-0.035689,SC _ v x
1.96325,S b a J
0.792167,SC _ b a J
0.126554,S R g I
0.0024854,S R g I t
0.126554,SC _ R g I
0.174018,SC _ R g I t
1.11158,P t I g R
0.368512,P w I n i
0.0495627,S i n I w
0.0497605,SC _ i n I w
0.396261,S i b ^
0.396261,SC _ i b ^
0.116208,P b ^ k
-0.439451,S d l E
-0.439451,SC _ d l E
0.597638,S l u k
0.370888,SC _ l u k
1.51815,P k u l
0.887858,P f a r m
0.44308,S R m r
0.135062,S R m r a f
0.44308,SC _ R m r
0.135062,SC _ R m r a f
0.133612,P f a r m R
1.76626e-05,P k w @
1.26413,P k w @ k
0.460915,S k @ w k
0.460915,SC _ k @ w k
-0.861971,P w @ k
0.430127,S s W m
0.435358,SC _ s W m
0.396869,P m W s
2.02051,S a h a
2.02051,SC _ a h a
0.03212,P b l I G k
0.0320069,S k G I l b
0.0320069,SC _ k G I l b
0.555931,S t n I f
0.555931,SC _ t n I f
0.208885,P f I n t
0.176377,S s k I f
3.15341e-06,SC _ s k I f
0.237239,P f I k s
0.754886,S s u r
0.754886,SC _ s u r
6.1177e-06,P r u s
0.034557,S z g I
0.034557,SC _ z g I
5.52671e-05,P r i l
-0.184598,S i d @ h
-0.184598,SC _ i d @ h
-0.000768876,P h @ d i
0.0638469,S t c T
8.57334e-05,SC _ t c T
0.0593553,P T c t
0.506645,P w I G
0.120966,S i p i l
0.429663,S i p i l s
0.120966,SC _ i p i l
0.429663,SC _ i p i l s
0.287316,P s l i p i
1.50069,S z x S
1.18822,SC _ z x S
0.32236,S o l b
0.203076,SC _ o l b
0.913834,P m u m u
9.18706e-05,S u m u m
9.18706e-05,SC _ u m u m
0.66463,P m o t
0.324205,S R t @ m
1.01688,SC _ R t @ m
0.50795,P m @ t R
0.022379,S i g I p
0.022379,SC _ i g I p
0.386959,P p I g i
-0.432255,P d O
0.662512,S i k I
0.271184,SC _ i k I
0.607608,P I k i
0.143746,S k ^ l k
0.143746,SC _ k ^ l k
0.000272227,P k l ^ k
1.27418,S s I n
1.60583,SC _ s I n
0.498834,P p I n C
0.0800935,S C n I p
0.0731362,SC _ C n I p
0.149063,P g i r
0.58518,S t e r g
0.588116,SC _ t e r g
0.582977,S l I d
0.501418,SC _ l I d
0.00014038,P d I l
0.129804,S i r Y
0.129804,SC _ i r Y
0.338073,P w R l d
0.979448,P g I m i
1.03483,S i m I
0.160151,S i m I g
1.1087,SC _ i m I
0.0272728,SC _ i m I g
0.274312,S l U f
0.372921,SC _ l U f
0.325486,S p R b
0.699663,SC _ p R b
0.12028,P b R p
0.00735541,S i k I m
0.00735541,SC _ i k I m
0.116899,P m I k i
0.0361425,S s I r k
0.212183,SC _ s I r k
0.00746606,S t @ f
0.00746606,SC _ t @ f
1.31001,S n R l
1.31001,SC _ n R l
1.12091,P w R d
0.12531,P b a G k
4.27656e-05,P s t a p
0.303693,S p a t s
0.131753,SC _ p a t s
-0.0331014,S R z
-0.0331014,SC _ R z
-0.150196,S s a
-0.151043,SC _ s a
0.501861,S f U
0.501861,SC _ f U
0.191522,S t f I
0.174022,SC _ t f I
0.0734729,P d ^ m p
8.20876e-06,S k e r b
8.20876e-06,SC _ k e r b
2.79872e-05,S i l E b
0.0908912,SC _ i l E b
3.64735e-05,P b E l i
0.0209494,S x S i
0.0209494,SC _ x S i
0.192173,P l @ s t
0.146647,P r @ t
1.21277,P l e d i
0.448313,S t r a p
1.19764,SC _ t r a p
1.08919,P w Y r
0.0130457,S m R w
0.00378582,SC _ m R w
0.451897,P x p a r
0.493528,P x p a r t
-0.104768,S k U r
-0.104768,SC _ k U r
0.80734,S l k U r
1.44006,S l k U r b
0.80734,SC _ l k U r
1.44006,SC _ l k U r b
0.369776,P b r U k l
1.15014,P e n t
2.72575e-06,S d @ m
2.72575e-06,SC _ d @ m
0.287179,P m @ d
1.64236e-06,S x b a b
0.237811,SC _ x b a b
0.694298,P b a b x
0.681167,P y a r d
0.108343,S k @ v
0.108343,SC _ k @ v
0.430245,P v @ k
6.24417e-06,S r o k
6.24417e-06,SC _ r o k
-0.151582,P b E n
0.271437,S i v i t
0.271437,SC _ i v i t
1.03435,P t i v i
0.688544,P l c r d
-0.48073,S d n W b
-0.48073,SC _ d n W b
-0.0953495,S G E
-0.0987033,SC _ G E
-0.0565029,P E G
0.86681,P p E G g
0.720132,S R l o r
0.720132,SC _ R l o r
0.812661,P v I d i
-0.0795206,S n i p
-0.0795206,SC _ n i p
2.56785e-06,S i t @ p
0.0630321,SC _ i t @ p
1.46845,P p @ t i
0.135975,S i k ^ y
0.116585,SC _ i k ^ y
0.171828,P y ^ k i
0.0426438,S k o r b
0.0626388,SC _ k o r b
-0.438407,S k I b
-0.435749,SC _ k I b
-0.0143207,P T x
-0.0850821,S r e r
-0.0850821,SC _ r e r
-0.21327,S s E b
-0.221911,SC _ s E b
0.0771643,P J e
3.70812,P b u b u
0.721486,P @ l I g z
0.00358804,S z g I l
0.412986,S z g I l @
0.00358804,SC _ z g I l
0.418834,SC _ z g I l @
0.561234,P @ n d R
0.534881,S n u b u
0.534052,S n u b u b
0.534881,SC _ n u b u
0.534052,SC _ n u b u b
-0.219241,P b u n
1.20491,P b o n i n
0.0975089,S n i n o
1.30726,S n i n o b
0.731908,SC _ n i n o
0.744033,SC _ n i n o b
2.48891,P E n J
0.764943,P E n J i
1.29356,S z m Y C
1.23694,SC _ z m Y C
0.51788,P C Y m z
-0.261866,P h U
-0.419486,S d U h
-0.419486,SC _ d U h
-0.012757,P h U d
-0.459168,P m E t
2.27028,P s R v
-0.705895,P T i
0.689025,S R p m
0.689025,SC _ R p m
0.0158816,S x l E t
0.0158816,SC _ x l E t
0.015337,P t E l x
-0.68439,P b o r
-0.250296,P w a t
0.0532291,S k r a m
0.0532291,SC _ k r a m
0.277176,S l e J
0.277176,SC _ l e J
0.356759,S R p m @
0.518708,S R p m @ p
0.356759,SC _ R p m @
0.518708,SC _ R p m @ p
0.534702,P p @ m p R
0.00173611,S x z i
0.649166,S x z i J
0.00173611,SC _ x z i
0.649166,SC _ x z i J
2.74334,P J i z x
0.388353,S n I l @
0.388353,SC _ n I l @
0.000172698,P d Y n
-0.44626,P m e r
-0.428227,P b r E s
-0.087337,S z a
-0.0693822,SC _ z a
-0.331143,S s I b
-0.329454,SC _ s I b
0.00058179,P S I @
0.000683838,P S I @ r
0.226317,P S I @ r I
0.226352,P S I @ r I @
0.140853,S U @ I r
0.259274,S U @ I r @
0.465677,S U @ I r @ I
0.319559,S U @ I r @ I S
0.140853,SC _ U @ I r
0.259274,SC _ U @ I r @
0.465677,SC _ U @ I r @ I
0.465677,CSC _VVVCVV
0.319559,SC _ U @ I r @ I S
0.319559,CSC _VVVCVVC
0.226355,P S I @ r I @ U
0.264195,P t Y r i
0.209599,S i r Y t
0.209599,SC _ i r Y t
-0.452025,S s E w
-0.452025,SC _ s E w
-0.177296,P g r Y
0.558091,S R g U
0.558091,SC _ R g U
-0.477441,P s k w I
6.37679e-07,P t I m i
-1.01923,P f I s
-0.499327,S j
-0.4995,SC _ j
-0.574763,P j
0.509225,P d Y n I
0.0288508,S s I n Y
0.401113,S s I n Y d
0.0288508,SC _ s I n Y
0.401113,SC _ s I n Y d
0.430809,P d Y n I s
2.18085,P t @ b
0.583327,S b @ t
0.355328,SC _ b @ t
1.26543e-05,S x T I
0.19065,SC _ x T I
1.38884,P I T x
-0.18243,S k G @ b
-0.18243,SC _ k G @ b
-0.11275,P b @ G k
1.85718,S m R w C
2.02051,SC _ m R w C
1.37822,P C w R m
0.00346089,S i J f
0.00642716,S i J f E
0.00346089,SC _ i J f
0.00642716,SC _ i J f E
-0.140901,S p a b
-0.159937,SC _ p a b
-0.114516,P b a p
-0.432036,P b @ p
-0.299033,P h I k
6.02046e-05,P h E n r
1.11759,P h E n r i
0.459712,S i r n E
1.21458,S i r n E h
0.478105,SC _ i r n E
1.00327,SC _ i r n E h
-0.0661055,P k a t
0.204414,S i b ^ r k
0.204414,SC _ i b ^ r k
0.0794849,P k r ^ b i
-0.000840893,S d c
-0.000840893,SC _ d c
-0.176558,P b I d
0.210123,S t u s
0.210123,SC _ t u s
0.563556,P m @ g
-0.357273,P k r ^ m
-0.610062,S i y
-0.610376,SC _ i y
-0.114341,P y i
0.00695316,S i g @
0.289477,S i g @ m
0.00695316,SC _ i g @
0.467963,SC _ i g @ m
0.176006,P m @ g i
3.00321e-05,S i f c
0.478391,S i f c k
3.00321e-05,SC _ i f c
0.478391,SC _ i f c k
1.9503e-05,P k c f i
1.02455,P v ^ z
0.453298,S z ^ v
0.856952,SC _ z ^ v
2.74996,P d y x
1.55674,S x y d
0.374699,SC _ x y d
2.53263,P d Y i S
0.850483,P d Y i S x
0.715236,S x S i Y
0.763084,S x S i Y d
0.715236,SC _ x S i Y
0.763084,SC _ x S i Y d
